loan_id,dti,utilization,delinq_2yr,inquiries_6m,annual_income,loan_amount,emp_length_yrs,num_open_accounts,is_homeowner,default
L200001,0.291,0.3,0,0,90982.0,5688.0,2,20,true,1
L200002,0.392,0.719,1,12,54347.0,7065.0,3,20,true,0
L200003,0.271,0.421,0,1,148949.0,16112.0,2,14,true,0
L200004,0.271,0.038,0,3,144456.0,23750.0,11,13,true,0
L200005,0.434,0.867,0,5,71764.0,10269.0,3,13,true,0
L200006,0.179,0.048,0,1,97569.0,17086.0,8,14,true,0
L200007,0.235,0.419,0,0,122073.0,22039.0,6,14,true,0
L200008,0.276,0.182,0,3,155384.0,7587.0,3,10,true,0
L200009,0.218,0.111,0,2,142248.0,59822.0,9,17,true,0
L200010,0.272,0.491,3,11,76261.0,23573.0,3,18,true,0
L200011,0.201,0.209,1,2,124402.0,8132.0,5,15,true,1
L200012,0.174,0.0,0,4,176196.0,6339.0,5,18,true,0
L200013,0.068,0.212,0,0,90874.0,10906.0,2,13,false,0
L200014,0.65,0.851,0,3,56243.0,4938.0,4,6,true,0
L200015,0.203,0.603,0,1,169424.0,10303.0,12,8,false,0
L200016,0.085,0.525,0,1,125602.0,29764.0,10,19,true,0
L200017,0.361,0.625,0,7,71978.0,22810.0,3,8,false,0
L200018,0.16,0.225,0,3,126285.0,24043.0,7,13,true,0
L200019,0.1,0.0,0,3,113158.0,4348.0,2,9,true,0
L200020,0.474,0.903,0,9,72634.0,5071.0,0,3,false,0
L200021,0.587,0.887,1,4,42838.0,26628.0,3,3,true,1
L200022,0.361,0.155,0,4,101567.0,7213.0,4,11,true,0
L200023,0.292,0.332,0,3,58378.0,18579.0,3,3,false,1
L200024,0.271,0.568,1,8,87604.0,36257.0,1,20,false,0
L200025,0.125,0.182,1,1,107569.0,9876.0,5,14,true,0
L200026,0.41,0.118,0,4,227569.0,18612.0,2,19,true,0
L200027,0.356,0.056,0,1,83925.0,24689.0,5,18,true,0
L200028,0.273,0.356,1,6,66409.0,22788.0,4,6,true,0
L200029,0.257,0.497,0,3,120507.0,45223.0,1,4,false,0
L200030,0.388,0.802,2,4,58744.0,3823.0,3,19,true,1
L200031,0.313,0.166,1,4,88912.0,14878.0,1,11,true,0
L200032,0.302,0.317,0,0,96142.0,31226.0,14,15,false,0
L200033,0.224,0.375,0,1,126270.0,17177.0,12,12,false,0
L200034,0.214,0.16,0,0,114346.0,21269.0,8,9,true,0
L200035,0.298,0.0,0,1,100225.0,24776.0,2,10,true,0
L200036,0.265,0.161,0,2,156586.0,46709.0,5,3,true,0
L200037,0.172,0.481,0,3,137772.0,14400.0,1,15,true,0
L200038,0.192,0.021,0,2,50122.0,31244.0,15,12,false,0
L200039,0.536,0.594,5,8,47184.0,35465.0,4,6,true,0
L200040,0.219,0.181,0,3,120129.0,18899.0,5,8,true,0
L200041,0.125,0.318,0,3,143017.0,12286.0,12,7,false,0
L200042,0.191,0.232,1,1,110356.0,11427.0,4,6,true,0
L200043,0.241,0.23,0,4,137901.0,36410.0,8,14,true,0
L200044,0.421,0.411,0,8,66323.0,40254.0,4,16,true,1
L200045,0.064,0.358,0,4,56333.0,2419.0,15,16,true,0
L200046,0.275,0.104,1,3,70187.0,25182.0,14,10,false,0
L200047,0.214,0.343,0,2,86250.0,40770.0,2,6,true,0
L200048,0.448,0.902,2,10,53693.0,19914.0,3,14,false,0
L200049,0.315,0.066,0,0,146227.0,15442.0,7,15,true,0
L200050,0.303,0.169,0,3,149485.0,20970.0,11,14,false,0
L200051,0.33,0.256,1,4,114104.0,17893.0,11,15,true,0
L200052,0.36,0.805,2,7,61239.0,7313.0,3,10,false,1
L200053,0.43,0.407,0,0,130063.0,1905.0,13,2,false,0
L200054,0.456,0.796,5,3,48384.0,15708.0,2,13,true,0
L200055,0.345,0.475,2,0,56232.0,5908.0,10,14,true,0
L200056,0.359,0.485,0,6,74367.0,5868.0,0,20,false,0
L200057,0.147,0.418,0,3,127635.0,13908.0,6,16,false,0
L200058,0.29,0.253,0,4,126518.0,5741.0,14,20,true,0
L200059,0.379,0.451,0,3,77972.0,11426.0,6,2,true,0
L200060,0.177,0.378,0,4,113230.0,9800.0,1,18,false,0
L200061,0.069,0.299,0,3,115345.0,19716.0,5,9,true,0
L200062,0.142,0.429,0,4,96766.0,35337.0,5,11,true,0
L200063,0.529,0.872,5,4,70589.0,37346.0,2,20,false,1
L200064,0.484,0.79,1,7,61303.0,20830.0,4,6,true,0
L200065,0.205,0.201,1,3,125019.0,20133.0,5,17,true,0
L200066,0.217,0.598,0,0,110810.0,21750.0,11,3,true,0
L200067,0.278,0.342,0,3,76567.0,5853.0,4,18,true,0
L200068,0.312,0.619,4,11,102457.0,30254.0,0,8,false,1
L200069,0.43,0.948,1,2,36898.0,28976.0,3,11,true,1
L200070,0.449,0.667,1,6,65936.0,2664.0,1,15,true,1
L200071,0.413,0.819,0,4,66405.0,3440.0,4,11,false,0
L200072,0.342,0.803,4,9,37533.0,25176.0,3,12,false,1
L200073,0.311,0.402,4,2,86887.0,18952.0,2,20,true,0
L200074,0.104,0.0,0,4,66985.0,27632.0,2,17,true,0
L200075,0.27,0.168,0,2,104102.0,8647.0,13,19,true,0
L200076,0.574,0.926,4,2,47659.0,6447.0,3,3,true,1
L200077,0.113,0.088,0,4,138933.0,26253.0,15,17,true,0
L200078,0.224,0.374,0,4,101880.0,23678.0,14,5,true,0
L200079,0.077,0.283,0,2,89327.0,25975.0,8,9,true,0
L200080,0.259,0.546,1,3,54779.0,39913.0,3,12,false,0
L200081,0.204,0.412,0,3,144061.0,9223.0,8,13,true,0
L200082,0.386,0.148,2,1,99995.0,15184.0,13,15,true,0
L200083,0.253,0.134,0,1,112214.0,19097.0,9,20,true,0
L200084,0.38,0.486,0,1,81598.0,28380.0,3,4,true,0
L200085,0.174,0.063,1,4,100642.0,26168.0,12,17,false,0
L200086,0.236,0.422,1,3,52500.0,21202.0,0,16,true,0
L200087,0.402,0.775,2,7,47788.0,22788.0,3,20,false,1
L200088,0.329,0.608,5,5,36190.0,19233.0,1,16,false,1
L200089,0.301,0.174,0,4,139883.0,29851.0,6,20,true,0
L200090,0.146,0.316,2,3,145579.0,26304.0,6,20,true,0
L200091,0.478,0.562,0,11,80672.0,3381.0,0,17,false,0
L200092,0.24,0.566,0,1,86079.0,6564.0,12,6,false,0
L200093,0.185,0.441,0,1,143584.0,24385.0,12,15,true,0
L200094,0.329,0.245,1,1,118386.0,41372.0,8,11,false,0
L200095,0.484,0.697,1,12,51882.0,16114.0,4,13,true,1
L200096,0.502,0.841,5,12,58654.0,30719.0,2,5,false,1
L200097,0.295,0.23,0,0,97425.0,8921.0,12,11,false,0
L200098,0.807,0.858,0,3,62132.0,33835.0,3,16,false,0
L200099,0.104,0.227,0,3,86906.0,1793.0,10,15,false,0
L200100,0.24,0.45,0,2,160503.0,29671.0,9,13,true,0
L200101,0.379,0.186,0,1,93852.0,6422.0,1,3,false,0
L200102,0.378,0.693,4,5,31773.0,7649.0,1,12,false,0
L200103,0.176,0.733,2,4,120919.0,26431.0,11,2,true,0
L200104,0.206,0.265,0,1,118966.0,4355.0,12,4,true,0
L200105,0.303,0.4,1,0,111022.0,8991.0,11,18,true,0
L200106,0.653,0.717,3,12,82126.0,30888.0,3,4,false,1
L200107,0.538,0.899,4,10,55848.0,7579.0,4,18,true,1
L200108,0.232,0.204,0,4,116943.0,10790.0,8,9,true,0
L200109,0.21,0.143,0,2,108034.0,23905.0,15,17,true,0
L200110,0.582,0.888,1,10,101928.0,30063.0,4,12,false,1
L200111,0.308,0.219,1,0,163492.0,15794.0,6,5,true,0
L200112,0.227,0.356,1,2,140410.0,25408.0,4,15,false,0
L200113,0.122,0.13,0,2,146146.0,20735.0,13,11,false,0
L200114,0.529,0.926,0,4,57273.0,15008.0,0,18,true,1
L200115,0.121,0.466,0,4,66425.0,4860.0,3,7,false,1
L200116,0.302,0.786,4,9,49236.0,23294.0,4,5,true,1
L200117,0.128,0.172,0,1,86759.0,28926.0,1,8,true,0
L200118,0.416,0.88,0,9,59790.0,11542.0,3,19,false,0
L200119,0.232,0.222,1,0,88303.0,24195.0,2,12,true,0
L200120,0.181,0.319,0,2,157636.0,44702.0,8,13,true,0
L200121,0.296,0.604,3,6,59664.0,10510.0,1,4,false,1
L200122,0.289,0.197,0,1,122552.0,25728.0,4,7,true,0
L200123,0.288,0.527,0,4,123167.0,5925.0,15,20,false,0
L200124,0.523,0.692,3,3,35053.0,22290.0,2,20,true,1
L200125,0.381,0.738,2,3,29550.0,9057.0,0,18,false,0
L200126,0.218,0.234,1,4,104697.0,10378.0,8,18,true,0
L200127,0.509,0.622,5,3,48926.0,18789.0,1,16,false,1
L200128,0.088,0.55,0,2,116466.0,15450.0,11,12,true,0
L200129,0.189,0.531,0,4,141156.0,11276.0,10,6,false,0
L200130,0.195,0.208,0,0,109622.0,29860.0,13,12,false,0
L200131,0.21,0.037,0,3,114870.0,18877.0,5,7,false,0
L200132,0.368,0.97,0,2,129262.0,14406.0,13,19,false,0
L200133,0.314,0.982,1,11,52345.0,23994.0,4,7,false,1
L200134,0.175,0.0,0,3,123374.0,27828.0,13,17,false,0
L200135,0.132,0.206,0,3,87676.0,18772.0,3,8,false,0
L200136,0.266,0.436,4,3,54793.0,4968.0,0,11,true,1
L200137,0.051,0.255,0,1,148064.0,5781.0,15,2,true,0
L200138,0.192,0.323,0,2,176489.0,9340.0,11,12,false,0
L200139,0.509,0.476,1,9,58248.0,19391.0,0,2,true,0
L200140,0.204,0.086,0,2,122266.0,25099.0,4,15,false,0
L200141,0.493,0.539,4,2,44092.0,7425.0,1,11,false,0
L200142,0.266,0.853,0,10,66653.0,18288.0,4,19,false,0
L200143,0.142,0.395,0,2,120867.0,21171.0,13,4,true,0
L200144,0.24,0.022,0,0,103561.0,27733.0,11,7,false,0
L200145,0.163,0.294,0,3,141896.0,20854.0,13,8,false,0
L200146,0.243,0.917,3,6,85288.0,22949.0,2,13,false,1
L200147,0.197,0.564,0,3,118146.0,8435.0,7,12,false,0
L200148,0.317,0.191,0,3,159229.0,26756.0,14,7,true,0
L200149,0.365,0.589,4,8,69752.0,30258.0,3,3,false,0
L200150,0.102,0.371,0,0,161614.0,26765.0,6,18,false,0
L200151,0.297,0.451,0,0,137474.0,25274.0,11,13,true,0
L200152,0.495,0.882,2,7,53242.0,20656.0,1,18,false,1
L200153,0.447,0.71,1,9,20418.0,16046.0,0,10,false,0
L200154,0.279,0.541,3,5,85284.0,35363.0,3,7,false,0
L200155,0.324,0.403,2,12,56210.0,22599.0,4,11,false,0
L200156,0.335,0.179,0,4,135960.0,53360.0,13,6,true,0
L200157,0.129,0.201,2,1,110637.0,15704.0,5,14,false,0
L200158,0.24,0.0,0,2,99095.0,8768.0,11,18,true,0
L200159,0.184,0.202,2,3,56587.0,18565.0,14,5,true,0
L200160,0.499,0.669,4,6,67751.0,11491.0,4,10,true,1
L200161,0.165,0.278,1,1,142280.0,33778.0,15,12,false,0
L200162,0.247,0.289,0,4,118975.0,27222.0,10,15,true,0
L200163,0.096,0.215,0,1,137386.0,1827.0,5,16,true,0
L200164,0.159,0.291,0,2,139092.0,10953.0,14,13,false,0
L200165,0.147,0.227,0,2,104242.0,21059.0,1,11,false,0
L200166,0.409,0.2,0,4,117254.0,11341.0,3,17,false,0
L200167,0.181,0.281,0,3,142788.0,17264.0,6,3,true,0
L200168,0.163,0.131,0,0,60922.0,29441.0,12,13,false,0
L200169,0.166,0.235,0,0,94543.0,27598.0,9,10,false,0
L200170,0.248,0.332,0,2,92464.0,14931.0,3,8,true,0
L200171,0.604,0.789,3,10,36316.0,23374.0,4,6,true,1
L200172,0.616,0.703,2,11,42549.0,38290.0,4,17,false,1
L200173,0.129,0.456,2,4,96720.0,43015.0,14,2,true,0
L200174,0.336,0.243,0,0,104066.0,15324.0,11,14,true,0
L200175,0.475,0.692,0,9,55981.0,25333.0,1,15,false,0
L200176,0.304,0.07,0,4,128514.0,29260.0,11,17,true,0
L200177,0.514,0.634,2,12,63961.0,1989.0,2,17,true,1
L200178,0.258,0.704,0,2,107303.0,1361.0,8,12,true,0
L200179,0.207,0.15,0,4,55802.0,42048.0,14,13,false,0
L200180,0.376,0.997,2,9,43369.0,2469.0,1,8,false,1
L200181,0.214,0.356,0,1,123257.0,36845.0,9,9,false,0
L200182,0.212,0.208,0,0,207178.0,11674.0,3,15,false,0
L200183,0.132,0.062,0,2,78474.0,3800.0,2,20,true,0
L200184,0.417,0.364,0,1,128967.0,17683.0,14,14,false,0
L200185,0.272,0.185,0,2,107122.0,16632.0,6,11,true,0
L200186,0.257,0.225,0,2,126501.0,24492.0,3,16,false,0
L200187,0.368,0.849,5,5,75994.0,40089.0,3,15,false,1
L200188,0.24,0.361,0,1,152449.0,19506.0,8,10,false,0
L200189,0.351,0.297,0,0,103312.0,7323.0,3,14,false,0
L200190,0.237,0.037,0,2,105781.0,25269.0,3,17,true,0
L200191,0.122,0.382,0,4,140192.0,4241.0,13,9,false,0
L200192,0.111,0.249,0,4,166786.0,33610.0,15,18,true,0
L200193,0.499,0.566,5,5,55697.0,5397.0,4,16,false,1
L200194,0.19,0.295,0,2,115631.0,7120.0,14,2,false,0
L200195,0.396,0.774,0,3,80268.0,17820.0,2,15,true,1
L200196,0.19,0.0,0,3,53286.0,27509.0,7,14,true,0
L200197,0.34,0.515,0,4,107928.0,22899.0,4,2,false,0
L200198,0.202,0.115,0,1,121461.0,30061.0,5,8,false,0
L200199,0.466,0.545,0,5,62262.0,24325.0,0,16,false,0
L200200,0.413,0.538,1,10,67339.0,42454.0,0,6,false,1
L200201,0.211,0.141,0,2,126377.0,43448.0,11,18,true,0
L200202,0.654,0.602,1,12,50073.0,5218.0,0,13,false,0
L200203,0.181,0.431,0,3,137049.0,32643.0,4,9,true,0
L200204,0.319,0.175,2,4,89828.0,16771.0,5,8,true,1
L200205,0.143,0.424,1,0,115457.0,36838.0,10,3,false,0
L200206,0.201,0.078,0,2,98019.0,43820.0,4,8,false,0
L200207,0.153,0.296,0,1,102150.0,24368.0,6,11,true,0
L200208,0.212,0.471,0,0,137691.0,1164.0,13,12,false,0
L200209,0.161,0.237,0,2,80972.0,13775.0,12,15,true,0
L200210,0.338,0.663,4,12,75316.0,15212.0,3,17,false,0
L200211,0.292,0.435,0,4,201197.0,17169.0,9,3,false,0
L200212,0.23,0.285,0,1,137667.0,21844.0,4,18,true,0
L200213,0.402,0.137,0,0,161497.0,19631.0,1,2,true,0
L200214,0.384,0.312,0,1,132267.0,22364.0,3,9,true,0
L200215,0.21,0.44,0,3,97899.0,21283.0,12,9,true,0
L200216,0.594,0.706,0,3,45496.0,25547.0,3,3,false,0
L200217,0.517,0.506,2,11,108098.0,14401.0,4,3,true,0
L200218,0.155,0.228,1,2,154230.0,9864.0,1,7,false,0
L200219,0.092,0.141,0,3,145338.0,14626.0,10,9,true,0
L200220,0.134,0.24,0,0,34398.0,18838.0,1,5,true,0
L200221,0.247,0.0,0,2,146129.0,20775.0,8,17,true,0
L200222,0.267,0.475,0,4,114229.0,27663.0,2,4,true,0
L200223,0.271,0.411,0,0,148459.0,19336.0,6,10,true,0
L200224,0.119,0.213,0,0,112407.0,23213.0,10,12,false,0
L200225,0.246,0.027,0,1,103452.0,15804.0,7,7,true,0
L200226,0.309,0.346,0,3,127174.0,7879.0,4,17,true,0
L200227,0.321,1.0,2,11,33893.0,35367.0,3,12,false,0
L200228,0.157,0.204,0,1,101160.0,19987.0,7,12,true,0
L200229,0.16,0.225,0,3,71917.0,39874.0,4,20,false,0
L200230,0.363,0.323,1,1,96404.0,22756.0,12,4,false,0
L200231,0.093,0.281,0,1,108766.0,3668.0,2,16,false,0
L200232,0.02,0.265,0,4,202889.0,26223.0,12,19,true,0
L200233,0.422,0.986,1,12,42400.0,8956.0,3,12,false,1
L200234,0.412,0.935,4,10,39396.0,11390.0,3,13,false,0
L200235,0.137,0.28,0,0,100720.0,44914.0,2,5,false,0
L200236,0.133,0.514,0,2,87022.0,20923.0,12,16,true,0
L200237,0.351,0.486,0,1,168548.0,10599.0,9,7,true,0
L200238,0.064,0.348,0,1,99379.0,9139.0,1,8,true,0
L200239,0.441,0.862,5,3,31467.0,8952.0,4,7,false,1
L200240,0.354,0.537,5,7,39707.0,9559.0,4,5,true,0
L200241,0.275,0.049,0,4,80678.0,9382.0,6,5,true,0
L200242,0.276,0.403,0,4,105722.0,24134.0,11,19,false,0
L200243,0.122,0.217,0,2,145300.0,5029.0,14,13,false,0
L200244,0.305,0.874,5,9,42380.0,26544.0,3,17,true,1
L200245,0.224,0.321,0,2,138393.0,30554.0,12,17,true,0
L200246,0.455,0.389,2,10,62312.0,15859.0,3,19,true,0
L200247,0.181,0.181,1,0,92838.0,22451.0,14,4,true,0
L200248,0.233,0.571,0,2,149224.0,6376.0,7,7,true,0
L200249,0.26,0.085,0,4,93536.0,16440.0,12,11,true,0
L200250,0.355,0.258,0,3,208329.0,1335.0,14,6,false,0
L200251,0.38,0.842,5,8,36426.0,20042.0,2,15,false,1
L200252,0.231,0.119,0,2,85461.0,22900.0,10,2,false,0
L200253,0.588,0.676,5,7,78873.0,1707.0,3,8,false,0
L200254,0.188,0.397,0,1,87256.0,13416.0,6,3,true,0
L200255,0.426,0.318,0,3,201584.0,19128.0,4,6,false,0
L200256,0.248,0.23,0,0,73016.0,37722.0,3,3,true,0
L200257,0.233,0.512,0,0,123937.0,23707.0,10,9,true,0
L200258,0.386,0.796,3,4,47147.0,20208.0,0,5,true,1
L200259,0.257,0.942,1,12,69984.0,18705.0,4,20,true,0
L200260,0.198,0.058,0,3,95212.0,10357.0,4,4,false,0
L200261,0.406,0.554,3,7,63467.0,10244.0,0,9,false,0
L200262,0.245,0.039,1,2,133083.0,34760.0,4,14,true,0
L200263,0.321,0.227,0,3,113058.0,15487.0,15,2,false,0
L200264,0.52,0.541,2,10,47513.0,1574.0,0,2,false,1
L200265,0.679,0.515,3,10,53540.0,37455.0,3,15,false,1
L200266,0.166,0.194,0,4,197128.0,3521.0,3,19,true,0
L200267,0.144,0.094,0,3,113220.0,6047.0,1,9,true,0
L200268,0.16,0.193,0,1,157717.0,31839.0,12,2,true,0
L200269,0.25,0.03,0,1,120909.0,7400.0,12,5,false,0
L200270,0.215,0.338,0,4,94931.0,8908.0,9,13,true,0
L200271,0.534,0.979,4,12,57794.0,10485.0,4,2,true,0
L200272,0.304,0.751,1,4,92259.0,9071.0,4,15,true,1
L200273,0.148,0.551,0,0,52043.0,18668.0,3,9,false,0
L200274,0.311,0.355,0,2,102041.0,32469.0,1,13,true,0
L200275,0.324,0.58,4,9,91128.0,18711.0,4,9,true,0
L200276,0.255,0.654,5,2,60928.0,18803.0,3,11,true,0
L200277,0.378,0.723,1,6,93847.0,33929.0,4,15,false,0
L200278,0.255,0.316,0,3,157952.0,26042.0,7,6,true,0
L200279,0.479,0.455,5,7,54053.0,27700.0,0,8,true,0
L200280,0.523,0.841,2,8,72306.0,26776.0,1,16,true,1
L200281,0.52,0.949,5,11,93130.0,24720.0,2,6,true,1
L200282,0.085,0.26,0,1,152957.0,21371.0,8,19,false,0
L200283,0.236,0.197,0,1,161615.0,35366.0,6,4,true,0
L200284,0.253,0.288,1,3,126117.0,14090.0,14,12,true,0
L200285,0.534,0.632,5,8,42324.0,19287.0,3,7,false,0
L200286,0.356,0.754,4,11,40723.0,7383.0,3,15,false,1
L200287,0.327,0.846,5,10,60309.0,57439.0,4,2,false,0
L200288,0.12,0.229,1,4,109949.0,27581.0,1,12,true,1
L200289,0.188,0.565,0,2,134383.0,30247.0,3,5,true,0
L200290,0.258,0.027,0,1,39983.0,3353.0,7,13,false,0
L200291,0.429,0.877,5,7,63692.0,17523.0,2,20,false,1
L200292,0.667,0.692,3,10,52421.0,31986.0,0,3,true,1
L200293,0.421,0.282,0,1,110202.0,25314.0,13,12,true,0
L200294,0.247,0.34,0,2,151005.0,16153.0,11,14,true,0
L200295,0.613,0.676,3,12,85261.0,14751.0,1,19,false,0
L200296,0.24,0.49,0,2,118316.0,9027.0,3,2,false,0
L200297,0.453,0.265,0,4,96807.0,38854.0,10,9,false,0
L200298,0.202,0.336,0,2,153855.0,40723.0,2,12,true,0
L200299,0.504,0.777,0,2,78453.0,22839.0,3,7,false,0
L200300,0.18,0.259,0,4,92566.0,4135.0,3,16,true,0
L200301,0.296,1.0,0,7,68404.0,29207.0,0,19,false,0
L200302,0.41,0.249,0,3,138974.0,16450.0,15,15,true,0
L200303,0.488,0.979,5,10,58598.0,28713.0,1,5,true,1
L200304,0.268,0.404,0,2,141073.0,3970.0,8,8,true,0
L200305,0.321,0.254,0,3,54207.0,23624.0,5,4,false,0
L200306,0.177,0.35,0,3,98631.0,20872.0,5,20,true,0
L200307,0.291,0.355,0,4,122599.0,23215.0,7,18,true,0
L200308,0.036,0.332,0,0,71451.0,33449.0,1,18,true,0
L200309,0.271,0.27,1,3,163988.0,49623.0,4,8,true,0
L200310,0.02,0.497,0,4,117515.0,45351.0,15,4,true,0
L200311,0.288,0.128,1,0,131176.0,2677.0,9,15,true,0
L200312,0.02,0.074,0,0,107365.0,16875.0,5,19,false,0
L200313,0.332,0.526,3,2,68585.0,29761.0,4,14,true,0
L200314,0.232,0.544,1,2,179535.0,21806.0,5,11,true,0
L200315,0.368,0.467,0,3,125234.0,8564.0,12,15,true,0
L200316,0.299,0.195,0,4,160864.0,2507.0,9,7,true,0
L200317,0.241,0.089,0,1,142304.0,40249.0,14,3,true,0
L200318,0.2,0.157,1,4,63194.0,35395.0,11,2,true,0
L200319,0.319,0.235,0,2,156091.0,40784.0,12,4,true,0
L200320,0.141,0.516,1,12,61908.0,27067.0,3,18,true,0
L200321,0.418,0.3,0,4,128156.0,10891.0,10,11,false,0
L200322,0.606,0.505,3,6,63030.0,28976.0,4,14,false,1
L200323,0.388,0.216,0,4,100137.0,12606.0,2,17,true,0
L200324,0.265,0.185,0,2,135587.0,32411.0,4,3,false,0
L200325,0.148,0.075,0,3,145798.0,18852.0,7,14,true,0
L200326,0.167,0.235,0,1,103223.0,3238.0,8,13,true,0
L200327,0.261,0.209,0,1,118067.0,2256.0,9,7,false,0
L200328,0.231,0.392,1,3,127806.0,8541.0,5,20,true,0
L200329,0.3,0.122,1,0,100270.0,20371.0,2,14,true,0
L200330,0.384,0.686,0,4,194502.0,4985.0,3,12,false,0
L200331,0.245,1.0,2,12,78447.0,23692.0,1,7,false,1
L200332,0.229,0.197,0,3,52846.0,36749.0,7,2,true,0
L200333,0.299,0.292,1,1,123891.0,19123.0,12,9,true,0
L200334,0.533,0.848,2,4,65050.0,20464.0,2,16,false,0
L200335,0.445,0.0,0,3,107894.0,24998.0,15,14,true,0
L200336,0.225,0.313,0,0,89967.0,31937.0,1,14,false,0
L200337,0.498,0.436,0,0,136152.0,20777.0,8,14,true,0
L200338,0.258,0.514,0,3,96146.0,3969.0,5,6,true,0
L200339,0.166,0.192,0,3,127774.0,26598.0,5,18,false,0
L200340,0.281,0.451,1,3,119851.0,19777.0,11,4,false,0
L200341,0.243,0.336,0,0,159020.0,9282.0,8,11,true,0
L200342,0.344,0.058,0,2,106803.0,21671.0,14,3,true,0
L200343,0.129,0.579,1,2,131211.0,15335.0,14,12,true,0
L200344,0.208,0.436,1,3,87081.0,1757.0,2,6,false,1
L200345,0.27,0.42,0,4,112199.0,12166.0,7,13,true,0
L200346,0.193,0.0,0,3,145989.0,27048.0,1,4,true,0
L200347,0.153,0.034,0,4,134004.0,48568.0,14,12,true,0
L200348,0.088,0.386,0,3,156609.0,37056.0,15,3,true,0
L200349,0.117,0.316,0,3,108683.0,28715.0,5,3,true,0
L200350,0.235,0.221,0,4,61258.0,26576.0,8,12,true,0
L200351,0.294,0.379,0,0,147024.0,1886.0,10,11,false,0
L200352,0.141,0.32,1,1,137054.0,10059.0,13,17,false,0
L200353,0.328,0.415,0,2,160769.0,10175.0,5,19,true,0
L200354,0.454,0.805,5,8,79352.0,29265.0,1,5,false,1
L200355,0.248,0.031,0,3,164403.0,23895.0,11,20,true,0
L200356,0.13,0.179,2,0,111085.0,18282.0,15,15,false,0
L200357,0.269,0.232,0,1,158275.0,29640.0,10,12,true,0
L200358,0.352,0.143,0,2,155540.0,16571.0,3,6,true,0
L200359,0.178,0.517,1,4,106585.0,13053.0,10,11,false,0
L200360,0.34,0.246,1,10,35287.0,14494.0,0,13,false,0
L200361,0.187,0.048,1,4,107114.0,41674.0,13,2,true,0
L200362,0.382,0.615,1,6,55884.0,12830.0,0,11,true,0
L200363,0.101,0.345,0,4,155816.0,4161.0,9,14,true,0
L200364,0.189,0.51,1,3,72198.0,29581.0,11,12,false,1
L200365,0.273,0.589,1,3,154941.0,6158.0,12,13,false,0
L200366,0.258,0.0,0,1,133521.0,18510.0,3,18,true,0
L200367,0.414,0.826,2,2,46274.0,35506.0,1,3,true,1
L200368,0.571,0.617,5,6,36569.0,19928.0,2,4,false,1
L200369,0.438,0.782,4,4,40706.0,26506.0,0,13,true,1
L200370,0.179,0.366,0,4,80431.0,21424.0,13,2,true,0
L200371,0.252,0.406,1,2,53488.0,9376.0,0,14,true,0
L200372,0.215,0.687,4,10,54922.0,20205.0,1,12,false,0
L200373,0.564,0.659,0,12,84578.0,26148.0,1,15,false,1
L200374,0.327,0.098,0,0,120639.0,12067.0,8,12,true,0
L200375,0.419,0.789,1,6,43512.0,26207.0,3,15,true,1
L200376,0.611,0.731,0,11,93535.0,25574.0,2,18,true,0
L200377,0.595,0.878,3,8,39076.0,29804.0,3,7,false,1
L200378,0.253,0.088,2,1,101129.0,42924.0,13,13,false,1
L200379,0.237,0.316,0,3,45546.0,12272.0,5,8,false,0
L200380,0.109,0.4,0,1,138862.0,34213.0,5,8,true,0
L200381,0.361,0.369,2,4,81771.0,22653.0,5,4,true,0
L200382,0.301,0.235,0,1,156983.0,28809.0,15,8,true,0
L200383,0.179,0.479,0,2,149647.0,11322.0,3,2,true,0
L200384,0.174,0.18,0,2,146680.0,9713.0,6,11,true,0
L200385,0.284,0.344,1,4,138188.0,37421.0,11,4,false,0
L200386,0.108,0.065,0,4,123028.0,22190.0,5,19,false,0
L200387,0.273,0.408,1,4,118208.0,9103.0,8,18,true,0
L200388,0.129,0.015,0,4,99357.0,1488.0,3,16,true,0
L200389,0.255,0.215,0,2,173441.0,24105.0,4,4,true,0
L200390,0.062,0.248,0,3,127718.0,16680.0,11,12,true,0
L200391,0.198,0.54,0,4,142456.0,34513.0,6,20,false,0
L200392,0.08,0.525,0,2,133070.0,8931.0,13,17,false,0
L200393,0.16,0.323,0,2,125929.0,26495.0,6,5,false,0
L200394,0.322,0.437,0,4,153059.0,38276.0,1,9,true,0
L200395,0.397,0.683,4,4,73064.0,22192.0,1,18,false,0
L200396,0.363,0.31,0,2,142142.0,16272.0,10,17,false,0
L200397,0.091,0.111,1,1,93639.0,8968.0,3,12,false,0
L200398,0.374,0.786,0,5,20960.0,15261.0,3,6,false,1
L200399,0.071,0.087,0,0,160142.0,28733.0,15,19,false,0
L200400,0.155,0.123,0,0,110056.0,6978.0,13,17,false,0
L200401,0.212,0.009,0,0,99113.0,23150.0,13,9,false,0
L200402,0.153,0.246,0,0,106862.0,16172.0,1,14,false,0
L200403,0.375,0.799,5,11,59193.0,42575.0,3,20,false,1
L200404,0.223,0.115,0,3,138735.0,32843.0,8,10,false,0
L200405,0.181,0.332,1,0,120522.0,5948.0,12,7,true,0
L200406,0.259,0.07,0,0,164993.0,45264.0,1,4,false,0
L200407,0.28,0.346,0,4,151635.0,21778.0,7,18,true,0
L200408,0.431,0.609,3,9,95017.0,20573.0,4,11,true,0
L200409,0.18,0.07,0,2,121052.0,19287.0,3,4,false,0
L200410,0.125,0.41,0,0,156316.0,11630.0,12,19,false,0
L200411,0.2,0.495,0,3,98812.0,14767.0,7,18,true,0
L200412,0.624,0.614,2,10,69098.0,4523.0,3,14,false,0
L200413,0.317,0.237,0,4,144752.0,8508.0,5,4,true,0
L200414,0.355,0.412,3,7,57497.0,18826.0,2,9,true,0
L200415,0.157,0.45,0,2,79914.0,39244.0,5,7,false,0
L200416,0.16,0.281,0,2,126779.0,26782.0,4,13,true,0
L200417,0.16,0.069,0,4,180964.0,12923.0,6,12,true,0
L200418,0.291,0.144,2,4,116713.0,27351.0,10,6,true,0
L200419,0.117,0.232,0,1,105376.0,20615.0,9,16,true,0
L200420,0.19,0.331,0,2,130614.0,27650.0,5,17,false,0
L200421,0.309,0.806,2,7,68887.0,11295.0,1,20,true,0
L200422,0.497,0.804,1,10,43948.0,23855.0,1,6,false,1
L200423,0.346,0.533,0,4,110675.0,3692.0,5,10,true,0
L200424,0.208,0.228,0,3,128638.0,14422.0,12,12,true,0
L200425,0.25,0.143,0,2,176278.0,5819.0,4,20,true,0
L200426,0.441,0.554,5,10,30692.0,20539.0,0,14,false,1
L200427,0.307,0.111,1,3,92720.0,7524.0,14,4,true,0
L200428,0.312,0.488,4,12,30192.0,34324.0,2,20,false,1
L200429,0.458,0.646,1,12,59693.0,38805.0,0,8,true,1
L200430,0.529,0.563,0,8,23156.0,13012.0,0,10,false,1
L200431,0.17,0.354,0,3,109108.0,14457.0,14,7,true,0
L200432,0.173,0.442,2,4,158024.0,12977.0,3,19,true,0
L200433,0.144,0.125,0,4,110180.0,29313.0,9,9,false,0
L200434,0.215,0.416,0,1,100965.0,30223.0,1,17,false,0
L200435,0.329,0.783,1,2,48893.0,16686.0,4,15,false,1
L200436,0.152,0.38,0,3,93772.0,8748.0,13,10,true,0
L200437,0.069,0.443,0,2,148130.0,27455.0,8,10,false,0
L200438,0.603,1.0,0,4,74434.0,17310.0,1,16,false,1
L200439,0.31,0.727,2,9,80091.0,18829.0,0,12,true,0
L200440,0.408,0.899,4,9,75946.0,42195.0,2,14,false,1
L200441,0.221,0.555,0,0,137379.0,37577.0,2,18,false,0
L200442,0.425,0.189,0,0,119661.0,3852.0,2,10,true,0
L200443,0.346,0.356,2,1,101977.0,11120.0,3,10,true,0
L200444,0.575,0.674,5,9,56057.0,12551.0,0,9,true,1
L200445,0.498,0.051,0,0,109613.0,24468.0,9,5,true,0
L200446,0.256,0.019,0,3,120299.0,16521.0,7,13,false,0
L200447,0.379,0.498,4,9,64274.0,26167.0,2,12,false,1
L200448,0.318,0.176,0,1,64763.0,25942.0,9,13,true,0
L200449,0.201,0.0,0,2,124847.0,10254.0,12,4,false,0
L200450,0.116,0.252,0,4,114209.0,31057.0,6,5,true,0
L200451,0.49,0.677,0,5,69183.0,23877.0,0,20,false,1
L200452,0.134,0.13,0,1,111350.0,16158.0,15,8,false,0
L200453,0.094,0.326,0,3,145882.0,2191.0,1,10,true,0
L200454,0.275,0.332,0,0,114876.0,4399.0,4,8,true,0
L200455,0.285,0.52,0,0,125285.0,3350.0,11,16,false,0
L200456,0.46,0.501,4,7,47793.0,6606.0,4,16,false,0
L200457,0.394,0.274,0,3,134025.0,9583.0,4,20,true,0
L200458,0.217,0.129,0,3,129500.0,19004.0,5,2,true,0
L200459,0.394,0.841,2,2,65815.0,11492.0,2,19,false,0
L200460,0.303,0.379,0,2,92630.0,30753.0,4,10,false,1
L200461,0.347,0.151,0,3,148856.0,38850.0,12,20,false,0
L200462,0.379,0.348,0,0,146463.0,13896.0,15,15,true,0
L200463,0.239,0.51,0,0,90833.0,6348.0,1,11,true,0
L200464,0.155,0.499,0,3,173619.0,15369.0,10,18,true,0
L200465,0.269,0.396,0,0,97159.0,16209.0,7,18,true,0
L200466,0.161,0.293,0,4,135709.0,34660.0,12,18,true,0
L200467,0.129,0.605,0,3,94739.0,24132.0,6,13,true,1
L200468,0.586,0.701,3,11,63321.0,21885.0,1,8,false,1
L200469,0.347,0.415,0,4,178775.0,8256.0,14,11,true,0
L200470,0.396,0.732,1,10,65370.0,33659.0,2,19,false,0
L200471,0.413,0.687,4,12,46370.0,17455.0,0,11,true,0
L200472,0.138,0.815,0,8,45828.0,4035.0,2,5,true,0
L200473,0.23,0.436,2,0,151328.0,11153.0,10,19,true,0
L200474,0.088,0.186,0,4,108438.0,32103.0,12,7,true,0
L200475,0.123,0.783,2,2,138012.0,3431.0,15,14,false,0
L200476,0.328,0.671,1,7,81023.0,8432.0,0,14,false,0
L200477,0.184,0.127,0,3,189983.0,14156.0,6,16,true,0
L200478,0.212,0.637,1,6,45492.0,6785.0,1,15,false,0
L200479,0.664,0.556,2,3,18960.0,8693.0,0,7,true,0
L200480,0.238,0.0,0,3,103583.0,37750.0,14,10,true,0
L200481,0.766,0.806,4,6,40477.0,8825.0,4,9,true,1
L200482,0.432,0.625,4,9,55882.0,7715.0,3,17,false,1
L200483,0.155,0.978,2,8,64608.0,36636.0,1,8,true,0
L200484,0.29,0.142,0,3,146714.0,10773.0,13,3,true,0
L200485,0.052,0.514,0,4,56462.0,15131.0,13,3,true,0
L200486,0.507,0.42,0,3,130009.0,18656.0,7,18,false,0
L200487,0.188,0.859,2,9,67531.0,27673.0,0,18,false,0
L200488,0.309,0.381,0,4,166671.0,11949.0,3,14,true,0
L200489,0.26,0.567,1,9,73442.0,24701.0,1,5,true,0
L200490,0.341,0.408,0,4,106603.0,14414.0,9,14,true,0
L200491,0.344,0.049,0,1,142824.0,36075.0,7,11,true,0
L200492,0.188,0.223,0,1,175478.0,19454.0,1,16,true,0
L200493,0.138,0.163,0,3,87890.0,22714.0,10,2,true,0
L200494,0.063,0.174,0,1,148894.0,22771.0,3,3,false,0
L200495,0.453,0.693,3,4,67785.0,27332.0,4,20,false,1
L200496,0.037,0.104,0,2,90826.0,41980.0,14,4,false,0
L200497,0.36,0.737,2,7,38364.0,16524.0,1,3,true,0
L200498,0.323,0.265,0,2,65316.0,29302.0,5,18,true,0
L200499,0.141,0.157,0,3,100868.0,19356.0,10,9,false,0
L200500,0.586,0.758,0,5,80481.0,25418.0,3,3,true,0
L200501,0.28,0.288,0,0,107492.0,32336.0,6,2,true,0
L200502,0.02,0.11,1,1,106917.0,28533.0,11,17,false,0
L200503,0.094,0.306,1,4,149301.0,10867.0,14,15,false,0
L200504,0.096,0.184,0,0,133618.0,36628.0,13,13,true,0
L200505,0.174,0.411,0,1,92316.0,13857.0,10,5,false,0
L200506,0.211,0.317,0,3,143090.0,10927.0,14,11,true,0
L200507,0.465,0.415,0,9,27777.0,18190.0,4,6,true,0
L200508,0.066,0.239,0,0,154048.0,8443.0,11,6,true,0
L200509,0.249,0.22,0,0,104440.0,4126.0,2,12,true,0
L200510,0.178,0.164,0,2,106879.0,12692.0,4,8,true,0
L200511,0.186,0.168,0,0,165489.0,20604.0,9,5,true,0
L200512,0.538,0.938,2,11,60225.0,23611.0,4,12,false,1
L200513,0.452,0.687,3,2,75389.0,25165.0,4,20,false,0
L200514,0.17,0.393,0,4,184782.0,31866.0,13,16,true,0
L200515,0.207,0.211,0,3,44652.0,24360.0,3,10,false,0
L200516,0.139,0.037,1,3,109270.0,19346.0,2,13,true,0
L200517,0.329,0.912,4,3,36366.0,29609.0,0,12,false,1
L200518,0.264,0.778,1,11,60420.0,26057.0,3,14,true,1
L200519,0.02,0.468,0,2,98425.0,16568.0,11,4,false,0
L200520,0.311,0.422,0,0,129711.0,12281.0,7,4,true,0
L200521,0.254,0.151,0,0,170691.0,30913.0,15,20,false,0
L200522,0.461,0.802,4,6,41785.0,29048.0,1,8,false,1
L200523,0.286,0.209,1,3,106715.0,9108.0,2,20,true,0
L200524,0.272,0.376,0,4,122288.0,18901.0,9,13,true,0
L200525,0.274,0.82,5,7,55629.0,7103.0,3,19,true,1
L200526,0.203,0.602,2,8,95209.0,53199.0,1,6,true,0
L200527,0.552,0.546,1,3,81213.0,35499.0,3,15,false,0
L200528,0.258,0.137,0,3,87720.0,9373.0,14,9,false,0
L200529,0.199,0.261,0,3,116613.0,13354.0,8,4,true,0
L200530,0.376,0.252,0,0,77554.0,16592.0,4,17,false,0
L200531,0.175,0.098,0,4,148761.0,22584.0,13,2,true,0
L200532,0.21,0.114,2,2,118907.0,22121.0,15,11,false,0
L200533,0.348,0.738,0,12,92688.0,17679.0,4,2,true,1
L200534,0.263,0.176,0,2,117109.0,28133.0,12,5,true,0
L200535,0.173,0.151,0,1,63901.0,21035.0,14,3,true,0
L200536,0.484,0.678,3,8,61694.0,10226.0,3,7,true,0
L200537,0.125,0.071,0,1,85533.0,22059.0,8,19,true,0
L200538,0.211,0.476,0,2,152340.0,13217.0,11,12,false,0
L200539,0.569,0.593,3,11,90972.0,7315.0,2,10,true,1
L200540,0.1,0.454,0,4,125979.0,4582.0,11,7,true,0
L200541,0.532,0.797,4,3,53395.0,8736.0,2,10,true,1
L200542,0.583,0.621,1,11,41734.0,4636.0,0,4,false,1
L200543,0.314,0.158,2,0,112809.0,10357.0,8,4,false,0
L200544,0.187,0.892,2,6,63708.0,23004.0,0,14,false,0
L200545,0.449,0.616,0,9,71947.0,17964.0,3,7,false,1
L200546,0.107,0.372,0,3,117777.0,13529.0,2,4,true,0
L200547,0.261,0.225,0,0,108123.0,10881.0,12,12,false,0
L200548,0.317,0.211,0,0,118478.0,18756.0,12,17,true,0
L200549,0.182,0.398,0,0,79430.0,36603.0,6,4,false,0
L200550,0.464,0.939,3,12,70061.0,36258.0,0,13,false,0
L200551,0.229,0.32,0,4,123295.0,30876.0,13,19,false,0
L200552,0.309,0.0,0,2,173885.0,26289.0,1,14,true,0
L200553,0.089,0.342,1,1,119690.0,10274.0,2,3,false,0
L200554,0.559,0.582,1,12,67549.0,24396.0,0,11,false,1
L200555,0.237,0.23,0,0,63671.0,19386.0,4,4,false,0
L200556,0.355,0.253,0,4,93974.0,15994.0,13,8,false,0
L200557,0.256,0.341,0,2,88529.0,14753.0,15,20,true,0
L200558,0.101,0.1,0,3,124368.0,19702.0,15,4,false,0
L200559,0.346,0.421,3,4,66996.0,35503.0,4,16,false,0
L200560,0.275,0.304,0,0,82019.0,3974.0,6,15,true,0
L200561,0.367,0.705,2,10,39914.0,18365.0,1,10,true,1
L200562,0.567,0.39,3,4,81875.0,41903.0,0,13,true,1
L200563,0.272,0.026,0,0,138727.0,15606.0,13,2,true,0
L200564,0.198,0.069,0,1,119747.0,8657.0,4,5,true,0
L200565,0.28,0.167,0,3,111796.0,16956.0,7,6,true,0
L200566,0.327,0.862,1,12,51001.0,26384.0,2,6,true,0
L200567,0.523,0.85,3,4,60823.0,10562.0,2,7,false,0
L200568,0.335,0.651,1,0,87962.0,26678.0,14,8,true,0
L200569,0.395,0.428,1,5,48941.0,32968.0,4,6,false,0
L200570,0.487,0.415,0,4,159510.0,22097.0,8,5,true,0
L200571,0.366,0.3,1,1,106106.0,25891.0,2,2,true,0
L200572,0.314,0.073,0,3,103969.0,20480.0,12,14,true,0
L200573,0.219,0.272,0,3,143577.0,12298.0,1,11,true,0
L200574,0.066,0.205,0,0,99959.0,11548.0,15,3,true,0
L200575,0.304,0.33,0,0,107809.0,24570.0,9,4,true,0
L200576,0.344,0.913,5,9,57618.0,2984.0,1,9,true,0
L200577,0.193,0.305,0,3,82007.0,20269.0,2,17,false,0
L200578,0.187,0.495,0,0,146088.0,42062.0,2,4,true,0
L200579,0.268,0.325,0,1,55760.0,19564.0,9,2,true,0
L200580,0.276,0.389,0,0,118024.0,23181.0,14,9,false,0
L200581,0.104,0.169,0,3,79823.0,8738.0,14,19,true,0
L200582,0.438,0.613,2,5,12400.0,22152.0,0,6,false,1
L200583,0.588,0.59,2,4,93934.0,15155.0,1,7,true,1
L200584,0.485,0.82,1,5,55581.0,17780.0,2,13,true,0
L200585,0.175,0.263,0,3,130027.0,11963.0,15,12,true,0
L200586,0.09,0.269,0,2,173631.0,15184.0,10,6,false,0
L200587,0.197,0.346,0,0,146924.0,30665.0,5,2,true,0
L200588,0.245,0.31,0,4,65974.0,15541.0,13,10,true,0
L200589,0.12,0.0,2,3,130570.0,28861.0,10,18,false,0
L200590,0.326,0.531,0,2,150347.0,19845.0,5,16,false,0
L200591,0.02,0.452,0,2,147623.0,35592.0,15,15,false,0
L200592,0.179,0.229,0,4,132794.0,18628.0,10,14,true,0
L200593,0.121,0.384,0,1,139954.0,40534.0,5,19,true,0
L200594,0.3,0.613,5,9,65079.0,39969.0,1,10,true,0
L200595,0.315,0.447,0,1,72233.0,19933.0,4,2,true,0
L200596,0.356,0.388,0,4,98251.0,22624.0,11,17,false,0
L200597,0.218,0.25,0,4,147210.0,22785.0,15,6,true,0
L200598,0.073,0.0,0,2,47197.0,13790.0,9,8,false,0
L200599,0.422,0.495,2,12,64416.0,9915.0,2,5,false,1
L200600,0.484,0.831,3,8,38730.0,41247.0,0,8,true,1
L200601,0.552,0.57,4,10,53467.0,1165.0,0,15,false,1
L200602,0.311,0.195,0,2,143196.0,28935.0,10,18,false,0
L200603,0.383,0.333,0,1,110591.0,9484.0,4,6,false,0
L200604,0.233,0.3,0,3,135743.0,20513.0,13,18,true,0
L200605,0.293,0.316,0,0,135531.0,9421.0,4,20,false,0
L200606,0.366,0.447,1,4,110081.0,24800.0,9,9,true,1
L200607,0.229,0.084,0,2,146294.0,36719.0,1,5,false,0
L200608,0.082,0.319,0,0,133611.0,29190.0,7,15,true,0
L200609,0.481,0.711,0,10,80046.0,34335.0,2,19,false,1
L200610,0.145,0.397,0,3,125942.0,31133.0,14,15,true,0
L200611,0.086,0.317,0,3,105882.0,8358.0,9,4,true,0
L200612,0.367,0.243,1,1,200923.0,31905.0,6,8,true,0
L200613,0.521,0.474,2,11,34840.0,7808.0,3,13,false,0
L200614,0.148,0.293,0,0,147692.0,28662.0,4,6,true,0
L200615,0.199,0.28,0,4,113072.0,12763.0,10,5,false,0
L200616,0.119,0.289,0,3,96121.0,19572.0,6,19,true,0
L200617,0.179,0.889,3,9,53098.0,29715.0,3,3,true,0
L200618,0.174,0.517,0,1,108850.0,30007.0,13,5,true,0
L200619,0.122,0.236,0,1,89138.0,18498.0,8,20,false,0
L200620,0.298,0.26,0,0,142179.0,27268.0,13,20,true,0
L200621,0.288,0.365,0,2,143457.0,22119.0,4,11,true,0
L200622,0.383,0.874,0,10,50791.0,30843.0,3,20,false,1
L200623,0.395,0.727,2,8,45645.0,14471.0,0,17,true,0
L200624,0.067,0.275,0,4,95126.0,49171.0,4,17,false,0
L200625,0.469,0.619,2,2,53116.0,33979.0,1,4,false,0
L200626,0.203,0.485,0,3,135273.0,39705.0,11,11,true,0
L200627,0.184,0.433,0,4,68994.0,24902.0,3,2,false,0
L200628,0.244,0.721,5,9,57115.0,35997.0,4,15,false,0
L200629,0.461,0.911,1,4,59313.0,3433.0,3,15,true,0
L200630,0.456,0.898,2,12,74612.0,34476.0,1,14,true,1
L200631,0.45,0.572,3,10,78820.0,18313.0,0,8,true,1
L200632,0.478,0.471,1,12,87847.0,7719.0,3,2,true,0
L200633,0.407,0.782,3,7,42285.0,5028.0,3,6,true,0
L200634,0.317,0.443,0,4,120245.0,43934.0,4,5,false,0
L200635,0.207,0.0,0,3,124037.0,24589.0,4,10,true,0
L200636,0.133,0.289,1,2,86171.0,15139.0,4,10,false,0
L200637,0.184,0.0,0,4,172233.0,23270.0,13,3,false,0
L200638,0.322,0.67,5,7,82457.0,8570.0,4,9,false,1
L200639,0.025,0.555,0,0,170552.0,11142.0,5,8,false,0
L200640,0.153,0.547,0,0,119033.0,23848.0,13,17,true,0
L200641,0.183,0.0,1,1,108906.0,5482.0,6,15,true,0
L200642,0.2,0.291,0,1,82279.0,3507.0,3,2,true,0
L200643,0.481,0.772,4,12,62881.0,6171.0,3,12,false,0
L200644,0.494,0.934,2,6,65904.0,30776.0,1,14,false,0
L200645,0.255,0.664,1,4,72207.0,1675.0,8,8,true,0
L200646,0.3,0.555,1,3,70613.0,17090.0,4,5,true,0
L200647,0.372,0.149,0,1,116278.0,11401.0,14,10,true,0
L200648,0.521,0.529,2,12,64221.0,26026.0,1,2,true,1
L200649,0.292,0.195,0,3,151900.0,25926.0,14,12,false,0
L200650,0.326,0.846,4,6,80592.0,25785.0,0,12,false,1
L200651,0.115,0.132,0,0,158903.0,19479.0,7,11,false,0
L200652,0.447,0.687,1,6,70120.0,31248.0,2,16,true,1
L200653,0.248,0.342,0,1,34829.0,19160.0,5,13,false,0
L200654,0.104,0.103,0,2,103327.0,21830.0,12,17,false,0
L200655,0.132,0.041,0,1,140169.0,21566.0,8,10,true,0
L200656,0.531,0.591,3,7,83035.0,17919.0,3,17,true,0
L200657,0.373,0.818,2,4,75248.0,1800.0,2,20,false,0
L200658,0.328,0.245,0,3,142111.0,14675.0,8,5,false,1
L200659,0.182,0.135,0,0,130610.0,13075.0,2,16,false,0
L200660,0.336,0.22,0,0,77321.0,7488.0,6,20,true,0
L200661,0.187,0.56,0,4,150941.0,15499.0,7,10,true,0
L200662,0.369,0.446,0,3,109355.0,38574.0,11,6,true,0
L200663,0.247,0.151,0,1,111897.0,23177.0,6,18,true,0
L200664,0.206,0.495,0,3,137507.0,3646.0,7,15,true,0
L200665,0.162,0.073,0,3,75483.0,16045.0,2,11,true,0
L200666,0.139,0.718,0,2,142182.0,6747.0,5,20,true,0
L200667,0.518,0.839,0,9,47602.0,5819.0,2,13,true,1
L200668,0.32,0.435,0,1,126368.0,15953.0,7,11,true,0
L200669,0.065,0.37,0,1,124128.0,23699.0,10,10,false,0
L200670,0.265,0.283,0,3,89403.0,22029.0,11,17,true,0
L200671,0.136,0.0,0,2,135693.0,22383.0,4,5,false,0
L200672,0.556,0.755,1,12,61785.0,42025.0,4,8,true,0
L200673,0.367,0.762,1,9,79806.0,15950.0,3,20,true,1
L200674,0.157,0.371,0,3,182665.0,16003.0,12,20,true,0
L200675,0.282,0.736,4,11,95876.0,8700.0,3,9,false,0
L200676,0.207,0.333,1,3,133242.0,15160.0,10,13,true,0
L200677,0.4,0.52,3,5,36068.0,18234.0,2,16,true,1
L200678,0.385,0.204,0,2,137348.0,3630.0,14,7,false,0
L200679,0.196,0.207,0,4,64231.0,20046.0,8,11,true,0
L200680,0.176,0.376,0,1,152923.0,5457.0,1,4,true,0
L200681,0.292,0.641,2,7,63748.0,3424.0,4,10,false,0
L200682,0.187,0.234,0,3,145858.0,12323.0,13,5,false,0
L200683,0.246,0.222,0,4,156580.0,29405.0,14,8,false,0
L200684,0.287,0.797,5,3,69684.0,28410.0,1,5,false,1
L200685,0.228,0.161,0,2,116510.0,26160.0,5,13,false,0
L200686,0.224,0.548,0,1,142915.0,28683.0,15,15,false,0
L200687,0.131,0.0,0,0,113197.0,4814.0,2,4,true,0
L200688,0.138,0.344,0,1,130036.0,16619.0,11,18,false,0
L200689,0.164,0.0,0,2,124393.0,18184.0,5,18,true,0
L200690,0.104,0.017,0,4,92430.0,3849.0,15,14,false,0
L200691,0.304,0.678,5,4,37729.0,17080.0,1,4,false,1
L200692,0.207,0.254,1,4,101122.0,14103.0,13,11,false,0
L200693,0.528,0.784,5,10,56564.0,21973.0,0,16,true,0
L200694,0.382,0.249,2,4,104397.0,10567.0,11,19,false,0
L200695,0.31,0.433,4,12,71177.0,28004.0,1,5,true,0
L200696,0.194,0.336,0,3,130981.0,21118.0,15,6,true,0
L200697,0.102,0.245,0,3,150414.0,7548.0,11,15,false,0
L200698,0.209,0.115,0,4,156181.0,32550.0,3,18,false,0
L200699,0.224,0.77,4,7,67978.0,16150.0,3,5,true,0
L200700,0.486,0.862,2,6,58830.0,21750.0,1,6,false,1
L200701,0.195,0.403,0,3,161297.0,19198.0,2,3,true,0
L200702,0.347,0.116,0,4,132736.0,23855.0,11,16,false,0
L200703,0.413,0.643,4,12,47292.0,10677.0,3,12,false,0
L200704,0.209,0.05,1,0,69669.0,9646.0,12,11,true,0
L200705,0.264,0.488,0,0,158476.0,15136.0,13,17,true,0
L200706,0.02,0.199,0,1,122482.0,37758.0,15,20,true,0
L200707,0.198,0.308,1,0,110186.0,25394.0,1,18,true,0
L200708,0.479,0.784,1,4,59728.0,24197.0,2,15,false,1
L200709,0.279,0.51,0,0,106932.0,30203.0,6,10,true,0
L200710,0.479,1.0,4,5,29954.0,19884.0,3,5,true,1
L200711,0.24,0.295,0,0,111113.0,49651.0,11,5,true,0
L200712,0.189,0.434,0,4,145195.0,49136.0,6,19,false,0
L200713,0.044,0.442,0,0,152275.0,11242.0,10,11,false,0
L200714,0.505,0.652,2,12,47779.0,26636.0,1,20,false,1
L200715,0.375,0.705,0,8,49202.0,4432.0,4,10,false,1
L200716,0.28,0.0,1,2,170783.0,16599.0,5,9,false,0
L200717,0.524,0.679,5,4,59302.0,18389.0,3,2,false,0
L200718,0.331,0.127,0,4,178148.0,30984.0,11,4,true,0
L200719,0.177,0.308,2,3,135091.0,9015.0,3,2,true,0
L200720,0.618,0.737,2,12,74917.0,13646.0,0,11,false,1
L200721,0.244,0.271,0,4,126375.0,26668.0,14,14,true,0
L200722,0.248,0.372,0,4,110206.0,17244.0,3,4,true,0
L200723,0.327,0.104,0,0,170114.0,18068.0,9,10,false,0
L200724,0.259,0.839,5,2,69654.0,10579.0,3,10,true,0
L200725,0.193,0.275,0,0,115167.0,31334.0,8,12,true,0
L200726,0.396,0.702,5,5,78723.0,17271.0,0,9,true,1
L200727,0.4,0.69,3,2,38894.0,9754.0,2,10,true,0
L200728,0.303,0.022,0,1,172889.0,11793.0,10,16,false,0
L200729,0.247,0.309,0,2,158928.0,7246.0,13,6,true,0
L200730,0.322,0.597,0,12,65536.0,20349.0,3,14,true,0
L200731,0.277,0.565,0,9,36101.0,33240.0,4,5,true,0
L200732,0.143,0.321,0,0,171432.0,20463.0,10,8,false,0
L200733,0.157,0.425,0,1,123458.0,40411.0,1,6,true,0
L200734,0.222,0.142,1,1,137521.0,27242.0,6,11,true,0
L200735,0.207,0.231,0,4,142149.0,9253.0,4,8,false,0
L200736,0.471,0.91,5,9,46925.0,12687.0,4,20,false,1
L200737,0.272,0.43,0,0,49110.0,19689.0,11,9,false,0
L200738,0.216,0.757,2,8,63183.0,26358.0,0,13,true,1
L200739,0.281,0.414,0,2,128559.0,19802.0,4,11,true,0
L200740,0.159,0.452,0,0,132168.0,27359.0,2,2,false,0
L200741,0.281,0.184,0,3,124604.0,40810.0,11,7,false,0
L200742,0.356,0.058,0,1,133548.0,14730.0,4,8,true,0
L200743,0.266,0.83,0,11,29849.0,6713.0,2,6,true,1
L200744,0.343,0.056,2,3,124341.0,23784.0,8,4,true,0
L200745,0.221,0.125,0,1,107495.0,29450.0,12,17,false,0
L200746,0.2,0.957,4,12,72339.0,20926.0,1,16,false,1
L200747,0.54,0.569,2,6,50815.0,16987.0,0,11,false,1
L200748,0.098,0.328,0,3,93084.0,23726.0,8,12,true,0
L200749,0.216,0.343,1,2,142090.0,6977.0,11,4,false,0
L200750,0.45,0.742,1,7,65292.0,29127.0,2,10,true,0
L200751,0.537,0.494,4,6,75165.0,19543.0,2,14,false,0
L200752,0.351,0.297,2,1,136258.0,12548.0,12,8,true,0
L200753,0.227,0.024,0,0,113032.0,26141.0,13,15,true,0
L200754,0.137,0.429,0,0,74069.0,19022.0,6,12,true,0
L200755,0.231,0.036,0,4,176540.0,22063.0,15,6,true,0
L200756,0.136,0.122,0,3,142461.0,17992.0,7,4,true,0
L200757,0.301,0.637,2,3,72787.0,34840.0,1,3,false,0
L200758,0.503,1.0,3,6,64085.0,28574.0,4,4,false,1
L200759,0.298,1.0,3,4,69445.0,18588.0,3,17,false,1
L200760,0.269,0.591,0,3,143703.0,32191.0,5,20,true,0
L200761,0.303,0.749,0,3,101947.0,13469.0,6,20,false,0
L200762,0.214,0.149,1,3,85842.0,37941.0,13,11,true,0
L200763,0.171,0.331,0,3,53096.0,25910.0,3,20,true,0
L200764,0.473,0.65,5,10,49569.0,44807.0,1,17,false,0
L200765,0.283,0.942,4,7,50874.0,22856.0,1,18,true,1
L200766,0.175,0.121,0,3,140840.0,9504.0,1,10,true,0
L200767,0.419,0.513,0,3,47207.0,16322.0,3,6,false,1
L200768,0.507,0.511,1,6,81046.0,32882.0,1,4,false,1
L200769,0.35,0.761,5,2,77335.0,9764.0,3,3,false,0
L200770,0.18,0.0,0,2,80435.0,24586.0,1,14,false,0
L200771,0.223,0.35,0,0,110120.0,25694.0,11,4,true,0
L200772,0.246,0.195,0,3,62337.0,17269.0,6,19,false,0
L200773,0.145,0.384,0,0,108733.0,24811.0,7,12,true,0
L200774,0.367,0.598,4,7,96052.0,25809.0,3,11,false,0
L200775,0.183,0.005,1,4,159318.0,45715.0,10,12,false,0
L200776,0.356,0.237,0,2,167963.0,16552.0,2,12,true,0
L200777,0.072,0.262,0,0,125831.0,35511.0,15,5,true,0
L200778,0.197,0.242,0,2,130225.0,30124.0,11,3,true,0
L200779,0.047,0.393,0,2,87467.0,3079.0,9,15,false,0
L200780,0.482,0.588,1,5,21991.0,12611.0,1,9,false,1
L200781,0.408,0.727,3,3,65641.0,17873.0,1,8,true,1
L200782,0.237,0.176,0,3,116673.0,8761.0,12,8,true,0
L200783,0.391,0.911,5,5,55703.0,39726.0,0,13,false,1
L200784,0.073,0.271,0,3,152121.0,20460.0,14,4,false,0
L200785,0.303,0.491,0,3,112023.0,28196.0,9,17,true,0
L200786,0.253,0.366,0,4,117188.0,7469.0,7,15,false,0
L200787,0.091,0.295,0,3,196060.0,7815.0,2,14,false,0
L200788,0.369,0.207,0,2,84007.0,18161.0,12,13,false,0
L200789,0.214,0.161,0,2,88304.0,5786.0,12,6,true,0
L200790,0.217,0.497,1,1,175777.0,20596.0,11,14,true,0
L200791,0.162,0.268,0,3,120510.0,29179.0,9,14,true,0
L200792,0.381,0.132,0,4,125908.0,8128.0,3,10,false,0
L200793,0.125,0.721,0,0,166261.0,30829.0,7,18,true,0
L200794,0.246,0.372,0,3,153302.0,45598.0,8,20,false,0
L200795,0.503,0.997,2,8,22951.0,28648.0,0,7,true,1
L200796,0.447,0.737,1,9,29698.0,20885.0,0,3,true,0
L200797,0.226,0.235,0,0,93468.0,29239.0,13,10,false,0
L200798,0.142,0.346,1,2,152044.0,9068.0,11,14,true,0
L200799,0.2,0.344,0,3,110617.0,7805.0,3,2,true,0
L200800,0.351,0.406,2,9,40570.0,7086.0,3,18,false,1
L200801,0.379,0.203,0,2,180217.0,5648.0,12,12,false,0
L200802,0.209,0.0,0,3,183909.0,17050.0,15,5,false,0
L200803,0.51,0.891,4,10,80711.0,21791.0,0,11,false,0
L200804,0.033,0.351,1,3,108604.0,11399.0,4,7,false,0
L200805,0.245,0.834,1,7,85128.0,7250.0,1,10,false,0
L200806,0.117,0.0,0,3,162380.0,28908.0,14,9,false,0
L200807,0.166,0.158,0,3,89145.0,1677.0,14,15,false,0
L200808,0.464,0.761,5,11,87456.0,11379.0,0,20,false,0
L200809,0.215,0.276,0,4,132703.0,30055.0,7,12,false,0
L200810,0.313,0.448,0,0,89517.0,28121.0,8,12,true,0
L200811,0.121,0.28,0,1,119850.0,6335.0,14,3,true,0
L200812,0.438,0.66,0,3,105840.0,12863.0,5,14,true,0
L200813,0.372,0.378,1,2,87579.0,9362.0,3,14,true,0
L200814,0.23,0.308,0,3,78347.0,15858.0,13,14,true,0
L200815,0.394,0.608,4,8,73028.0,25090.0,4,3,false,0
L200816,0.245,0.355,0,2,138536.0,14044.0,13,8,false,1
L200817,0.099,0.17,2,1,55918.0,42933.0,11,7,false,0
L200818,0.233,0.327,2,2,50524.0,1427.0,11,14,true,0
L200819,0.181,0.484,0,3,136914.0,19419.0,11,4,false,0
L200820,0.199,0.51,0,0,133136.0,23096.0,11,18,true,0
L200821,0.083,0.312,0,4,136448.0,31534.0,11,15,true,0
L200822,0.366,0.371,4,4,36842.0,29445.0,3,19,false,0
L200823,0.378,0.399,0,0,121481.0,10819.0,11,5,true,0
L200824,0.217,0.611,0,2,68441.0,24904.0,1,4,false,0
L200825,0.561,0.693,2,10,83395.0,48060.0,0,9,true,0
L200826,0.247,0.05,0,4,93325.0,19624.0,15,13,true,0
L200827,0.206,0.239,0,1,102408.0,40592.0,3,19,true,0
L200828,0.386,0.671,2,6,31318.0,36557.0,3,16,true,1
L200829,0.182,0.094,0,2,170416.0,18460.0,4,13,true,0
L200830,0.306,0.535,0,3,61225.0,40332.0,4,4,true,0
L200831,0.153,0.359,0,2,124158.0,12355.0,13,9,true,0
L200832,0.258,0.668,0,0,144242.0,36302.0,5,20,false,0
L200833,0.165,0.0,0,4,129151.0,21194.0,6,14,true,0
L200834,0.247,0.083,1,3,104458.0,19908.0,1,18,false,0
L200835,0.334,0.662,5,12,87862.0,15998.0,1,15,false,1
L200836,0.252,0.1,0,3,70476.0,16535.0,15,9,true,0
L200837,0.155,0.357,0,0,142010.0,23121.0,2,7,true,0
L200838,0.617,0.58,0,8,41506.0,7982.0,1,17,false,0
L200839,0.175,0.263,0,1,165883.0,8450.0,12,15,false,0
L200840,0.4,0.279,4,12,40956.0,8605.0,1,18,false,1
L200841,0.276,0.391,0,3,98570.0,26989.0,2,12,false,0
L200842,0.225,0.2,0,2,120802.0,19799.0,11,20,true,0
L200843,0.325,0.231,1,3,169504.0,4427.0,1,13,true,0
L200844,0.507,0.824,5,4,58039.0,19924.0,3,17,true,1
L200845,0.052,0.468,0,2,125803.0,30902.0,5,13,true,0
L200846,0.295,0.388,1,1,154854.0,34321.0,1,13,false,0
L200847,0.406,0.814,3,7,68647.0,14866.0,1,17,false,0
L200848,0.28,0.734,5,4,46124.0,37187.0,3,18,false,0
L200849,0.373,0.576,0,1,142071.0,30713.0,13,9,true,0
L200850,0.211,0.268,0,2,67078.0,20792.0,4,6,false,0
L200851,0.49,0.813,5,5,50435.0,8009.0,3,5,false,1
L200852,0.58,0.709,5,4,61239.0,25339.0,0,10,false,0
L200853,0.191,0.233,0,3,71943.0,16090.0,4,9,true,0
L200854,0.173,0.173,0,2,168260.0,12367.0,4,12,false,0
L200855,0.364,0.586,2,9,55369.0,35096.0,3,7,true,0
L200856,0.322,0.433,0,1,95299.0,36219.0,6,20,true,0
L200857,0.242,0.433,1,1,91184.0,7159.0,1,20,false,0
L200858,0.254,0.443,0,4,101125.0,12088.0,8,8,true,0
L200859,0.255,0.86,4,7,75510.0,10971.0,0,15,true,1
L200860,0.201,0.279,0,1,101291.0,48046.0,1,8,false,0
L200861,0.385,0.0,0,4,79466.0,32880.0,7,10,true,1
L200862,0.21,0.268,1,4,72761.0,24201.0,9,10,true,0
L200863,0.168,0.248,0,1,109118.0,35555.0,15,10,false,0
L200864,0.177,0.186,1,4,155489.0,30574.0,11,13,true,0
L200865,0.216,0.365,1,2,116033.0,22676.0,14,2,false,0
L200866,0.327,0.663,0,4,162551.0,31314.0,7,10,false,0
L200867,0.246,0.177,0,4,77644.0,1730.0,7,6,true,0
L200868,0.281,0.427,0,3,146299.0,40934.0,4,20,true,0
L200869,0.273,0.293,0,3,113084.0,11851.0,3,4,true,0
L200870,0.102,0.428,0,0,96162.0,11934.0,1,5,false,0
L200871,0.285,0.313,0,1,161115.0,12890.0,13,2,false,0
L200872,0.146,0.493,0,3,125104.0,8291.0,14,7,true,0
L200873,0.329,0.682,4,3,65385.0,19481.0,4,11,true,0
L200874,0.284,0.281,0,3,149074.0,32999.0,4,14,false,0
L200875,0.02,0.305,0,2,93371.0,31964.0,2,13,false,0
L200876,0.175,0.219,0,4,135077.0,30473.0,15,11,false,0
L200877,0.206,0.467,0,2,139781.0,1444.0,2,2,false,0
L200878,0.251,0.352,0,3,127197.0,13597.0,7,10,true,0
L200879,0.432,0.553,3,8,12008.0,22780.0,4,12,true,0
L200880,0.136,0.415,0,3,62836.0,14487.0,7,4,true,0
L200881,0.168,0.031,0,1,107071.0,25178.0,14,2,true,0
L200882,0.623,0.973,2,4,57216.0,25433.0,4,15,true,0
L200883,0.619,1.0,5,4,57014.0,20930.0,3,13,true,1
L200884,0.1,0.311,0,1,112400.0,22647.0,2,2,true,0
L200885,0.502,0.991,5,10,55177.0,9399.0,3,12,false,1
L200886,0.452,0.761,5,2,51182.0,14489.0,1,2,false,1
L200887,0.084,0.351,0,4,70698.0,18778.0,7,7,true,0
L200888,0.361,0.2,0,0,124958.0,26500.0,12,19,true,0
L200889,0.09,0.313,0,3,150432.0,37616.0,11,15,true,0
L200890,0.235,0.51,0,5,55482.0,33682.0,0,8,false,0
L200891,0.258,0.638,0,5,54071.0,51659.0,4,3,false,0
L200892,0.306,1.0,0,7,60480.0,13298.0,4,8,true,0
L200893,0.313,0.454,0,4,167779.0,31915.0,3,2,true,0
L200894,0.265,0.174,0,3,160494.0,26992.0,12,9,false,0
L200895,0.226,0.186,2,4,164787.0,18203.0,9,12,true,0
L200896,0.217,0.421,0,12,50625.0,24329.0,4,4,false,0
L200897,0.233,0.296,0,2,40346.0,9771.0,13,4,true,0
L200898,0.407,0.785,4,7,55818.0,22671.0,3,10,false,0
L200899,0.029,0.409,1,4,90667.0,19841.0,5,14,true,0
L200900,0.119,0.35,0,2,87023.0,31954.0,9,16,true,0
L200901,0.126,0.122,0,1,108252.0,4367.0,3,5,true,0
L200902,0.3,0.35,0,0,100048.0,29968.0,9,16,true,0
L200903,0.537,0.674,3,5,54647.0,21541.0,2,17,true,0
L200904,0.275,0.784,3,4,49936.0,10868.0,0,14,true,0
L200905,0.282,0.265,0,0,167418.0,13662.0,5,10,false,0
L200906,0.336,0.805,5,9,75160.0,8411.0,2,7,false,1
L200907,0.138,0.504,0,2,155269.0,14092.0,9,7,false,0
L200908,0.069,0.153,0,4,137279.0,37225.0,10,6,true,0
L200909,0.213,0.019,0,1,180352.0,2069.0,8,12,true,0
L200910,0.212,0.278,0,1,90643.0,6203.0,10,5,true,0
L200911,0.352,0.427,4,8,62608.0,27049.0,1,20,false,1
L200912,0.195,0.41,0,0,106504.0,2511.0,8,15,true,0
L200913,0.068,0.24,0,1,91103.0,21967.0,9,7,true,0
L200914,0.184,0.121,0,4,185340.0,9077.0,2,4,false,0
L200915,0.151,0.17,0,4,134160.0,16572.0,8,18,true,0
L200916,0.345,0.781,3,10,51289.0,24380.0,3,5,false,0
L200917,0.328,0.154,0,3,151971.0,19555.0,4,18,true,0
L200918,0.533,0.448,3,12,62050.0,44726.0,3,3,true,1
L200919,0.288,0.009,0,2,140995.0,32723.0,7,9,true,0
L200920,0.197,0.312,1,3,152389.0,31358.0,12,7,true,0
L200921,0.443,1.0,1,10,77375.0,29657.0,3,10,false,1
L200922,0.443,0.743,0,12,61302.0,12138.0,4,19,false,1
L200923,0.218,0.195,0,2,139060.0,35080.0,4,11,true,0
L200924,0.251,0.134,0,0,109313.0,46711.0,11,2,false,0
L200925,0.264,0.782,0,4,52265.0,43928.0,0,4,false,0
L200926,0.139,0.398,0,0,76300.0,20423.0,4,15,true,0
L200927,0.24,0.186,0,1,96701.0,4708.0,14,3,true,0
L200928,0.342,0.273,0,4,117186.0,10388.0,4,2,true,0
L200929,0.238,0.429,1,0,110446.0,26470.0,12,6,true,0
L200930,0.154,0.445,0,3,49762.0,30349.0,15,8,true,0
L200931,0.173,0.0,0,4,99531.0,38757.0,12,17,true,0
L200932,0.209,0.419,0,3,83607.0,25673.0,6,4,true,0
L200933,0.218,0.444,0,4,116272.0,21369.0,3,12,true,0
L200934,0.445,0.889,1,7,71335.0,26305.0,0,12,true,0
L200935,0.425,0.786,2,11,62968.0,27167.0,4,10,false,0
L200936,0.164,0.096,0,3,109387.0,28600.0,4,3,false,0
L200937,0.179,0.319,0,2,101248.0,14223.0,1,11,true,0
L200938,0.32,0.285,0,3,159452.0,22415.0,9,3,true,0
L200939,0.265,0.135,0,2,121751.0,6867.0,9,12,true,0
L200940,0.559,0.699,5,3,83413.0,6576.0,0,2,true,0
L200941,0.658,0.705,5,8,61144.0,24094.0,2,19,false,0
L200942,0.21,0.56,0,2,146482.0,23872.0,10,14,true,0
L200943,0.36,0.743,1,11,95626.0,3208.0,3,16,false,0
L200944,0.282,0.749,2,7,62931.0,5361.0,0,10,false,0
L200945,0.254,0.178,0,1,116713.0,14538.0,8,3,true,0
L200946,0.142,0.402,0,4,123800.0,4624.0,6,11,false,0
L200947,0.257,0.332,1,3,184592.0,15233.0,9,8,false,0
L200948,0.473,0.852,4,12,76035.0,26981.0,0,5,true,0
L200949,0.594,0.767,3,7,55976.0,46318.0,0,13,false,1
L200950,0.19,0.277,0,0,150937.0,22580.0,15,15,true,0
L200951,0.393,0.963,4,8,64455.0,21432.0,1,5,true,1
L200952,0.416,0.786,0,6,63690.0,35516.0,3,14,false,1
L200953,0.182,0.105,0,1,105816.0,27087.0,10,11,false,0
L200954,0.189,0.107,0,1,144256.0,34919.0,3,7,true,0
L200955,0.172,0.134,0,2,135379.0,14016.0,13,2,true,0
L200956,0.152,0.289,0,0,32026.0,3994.0,14,9,true,0
L200957,0.505,0.805,5,7,31963.0,24735.0,4,10,false,1
L200958,0.256,0.16,0,4,130687.0,6385.0,15,17,true,0
L200959,0.468,0.338,1,1,115999.0,21350.0,10,15,true,0
L200960,0.584,0.648,2,12,43319.0,6178.0,3,18,true,0
L200961,0.161,0.466,1,2,117624.0,22238.0,9,12,false,0
L200962,0.074,0.165,0,0,157929.0,16310.0,11,6,true,0
L200963,0.125,0.114,0,2,145568.0,22960.0,8,3,true,0
L200964,0.408,0.721,2,12,62904.0,15684.0,1,13,false,0
L200965,0.332,0.227,1,2,153481.0,34232.0,7,20,false,0
L200966,0.503,0.664,5,12,46279.0,26939.0,0,10,false,1
L200967,0.195,0.864,4,4,55115.0,11687.0,1,15,false,1
L200968,0.266,0.617,4,4,33840.0,36230.0,3,5,true,0
L200969,0.594,0.607,3,7,43106.0,24503.0,3,16,true,1
L200970,0.087,0.408,0,2,130620.0,3604.0,6,6,false,0
L200971,0.384,0.382,0,0,68176.0,23715.0,9,16,false,1
L200972,0.477,0.713,4,3,70150.0,5063.0,2,3,true,0
L200973,0.191,0.037,0,4,118750.0,4992.0,4,6,true,0
L200974,0.324,0.287,0,0,137826.0,21832.0,15,5,true,0
L200975,0.561,0.753,3,2,73589.0,14459.0,3,7,false,0
L200976,0.279,0.062,1,4,133868.0,23717.0,1,7,true,0
L200977,0.234,0.7,1,9,45231.0,20215.0,0,20,false,0
L200978,0.206,0.208,0,3,136599.0,26859.0,2,20,true,0
L200979,0.317,0.507,3,2,74117.0,12869.0,1,16,false,0
L200980,0.497,0.898,4,5,43607.0,34276.0,3,18,true,0
L200981,0.204,0.137,0,1,111388.0,39029.0,5,14,true,0
L200982,0.339,0.229,0,4,127208.0,4535.0,3,12,true,0
L200983,0.236,0.228,0,1,126430.0,36636.0,8,17,true,0
L200984,0.359,0.138,0,1,116691.0,7297.0,7,4,true,0
L200985,0.42,0.526,2,11,57013.0,16845.0,1,12,true,0
L200986,0.321,0.546,1,6,32913.0,20011.0,1,8,false,0
L200987,0.229,0.214,0,0,137784.0,39945.0,15,2,true,0
L200988,0.272,0.325,0,4,60535.0,19545.0,10,17,true,0
L200989,0.318,0.051,0,3,150174.0,7918.0,3,18,true,0
L200990,0.334,0.624,1,6,72096.0,14716.0,2,4,false,1
L200991,0.333,0.691,4,11,41829.0,18996.0,0,19,false,1
L200992,0.281,0.218,0,2,102150.0,22805.0,15,3,true,0
L200993,0.338,0.172,1,1,63126.0,19879.0,10,3,true,0
L200994,0.206,0.0,1,3,144998.0,15862.0,1,5,true,0
L200995,0.15,0.337,1,1,131702.0,19544.0,13,8,true,0
L200996,0.211,0.078,0,3,109600.0,7022.0,7,19,true,0
L200997,0.306,0.263,0,3,141544.0,14642.0,2,20,true,0
L200998,0.26,0.095,0,0,137971.0,12495.0,1,4,true,0
L200999,0.356,0.945,1,6,72434.0,27796.0,0,4,true,0
L201000,0.359,0.403,1,9,50156.0,10823.0,4,11,false,1
L201001,0.173,0.461,0,2,161559.0,8012.0,10,17,true,0
L201002,0.506,0.7,5,10,64239.0,30233.0,1,3,false,1
L201003,0.178,0.303,0,0,115578.0,34856.0,5,4,true,0
L201004,0.308,0.299,0,1,126611.0,26368.0,7,19,true,0
L201005,0.208,0.31,0,2,182742.0,6778.0,13,20,true,0
L201006,0.09,0.058,0,0,135335.0,4746.0,12,11,false,0
L201007,0.115,0.189,0,1,155805.0,15676.0,15,9,true,0
L201008,0.256,0.259,0,4,109177.0,33971.0,1,10,true,0
L201009,0.266,0.077,0,4,88647.0,2325.0,14,7,true,0
L201010,0.53,0.759,5,10,61255.0,23085.0,0,10,false,1
L201011,0.155,0.325,0,2,132355.0,14411.0,11,7,true,0
L201012,0.445,0.753,5,10,75176.0,6859.0,0,19,false,1
L201013,0.216,0.403,0,2,111630.0,18087.0,4,13,true,0
L201014,0.492,0.777,4,7,72979.0,3056.0,0,15,false,1
L201015,0.446,0.562,3,12,29637.0,39314.0,2,2,true,1
L201016,0.237,0.261,0,2,65369.0,17583.0,9,20,false,0
L201017,0.106,0.164,0,0,198584.0,10583.0,4,20,true,0
L201018,0.093,0.408,1,4,134047.0,3344.0,11,18,true,0
L201019,0.185,0.54,2,5,75026.0,14497.0,1,16,true,0
L201020,0.02,0.416,0,0,98292.0,30418.0,15,13,false,0
L201021,0.118,0.381,1,1,142422.0,14952.0,15,15,false,0
L201022,0.243,0.14,0,3,40524.0,35339.0,10,17,false,0
L201023,0.231,0.26,0,2,125908.0,1828.0,8,5,true,0
L201024,0.12,0.0,0,4,181452.0,6281.0,6,6,true,0
L201025,0.361,0.512,1,4,109149.0,15382.0,12,3,true,0
L201026,0.328,0.16,0,3,112095.0,32251.0,3,7,false,0
L201027,0.168,0.275,0,4,89311.0,31675.0,7,12,true,0
L201028,0.258,0.255,0,2,157878.0,23329.0,9,20,true,0
L201029,0.269,0.922,1,2,71473.0,1012.0,1,15,false,0
L201030,0.28,0.357,0,2,98312.0,19716.0,3,11,false,0
L201031,0.271,0.352,0,0,137376.0,41089.0,13,7,true,0
L201032,0.064,0.209,0,0,103230.0,26137.0,10,15,false,0
L201033,0.208,0.354,0,0,89007.0,23370.0,5,4,false,0
L201034,0.283,0.38,0,1,116962.0,8426.0,9,12,true,0
L201035,0.244,0.033,0,0,53139.0,30322.0,13,18,true,0
L201036,0.237,0.25,0,0,122092.0,34939.0,14,9,false,0
L201037,0.496,0.451,2,4,71675.0,42244.0,4,8,true,1
L201038,0.235,0.377,0,2,86802.0,7924.0,4,13,true,0
L201039,0.393,0.844,2,12,28010.0,21008.0,3,13,false,1
L201040,0.669,0.631,2,8,75676.0,16963.0,3,5,true,0
L201041,0.168,0.412,0,3,155292.0,3230.0,10,15,false,0
L201042,0.471,1.0,3,2,45297.0,14957.0,2,15,false,1
L201043,0.281,0.214,0,2,114591.0,16230.0,8,15,true,0
L201044,0.228,0.204,2,4,100065.0,33348.0,1,2,false,1
L201045,0.351,0.137,0,0,90865.0,17670.0,4,7,false,0
L201046,0.207,0.372,0,3,132153.0,38057.0,1,3,false,0
L201047,0.061,0.277,0,2,113648.0,27226.0,13,9,true,0
L201048,0.154,0.392,0,2,129261.0,15349.0,9,15,true,0
L201049,0.255,0.245,0,3,135973.0,34378.0,5,12,true,0
L201050,0.367,0.741,5,11,45305.0,20780.0,0,9,false,1
L201051,0.313,0.172,0,0,172557.0,18168.0,6,19,false,0
L201052,0.373,0.323,0,3,78650.0,12345.0,6,6,false,0
L201053,0.537,1.0,3,11,60002.0,25624.0,4,17,false,0
L201054,0.318,0.348,0,2,125411.0,16176.0,12,20,true,0
L201055,0.459,0.944,3,10,14422.0,19035.0,1,12,false,1
L201056,0.211,0.021,1,3,111263.0,7939.0,13,2,true,0
L201057,0.124,0.904,0,8,34761.0,19509.0,4,17,true,0
L201058,0.265,0.285,2,2,77221.0,16666.0,6,20,false,0
L201059,0.255,0.492,0,4,92352.0,10719.0,4,12,false,0
L201060,0.292,0.427,1,0,112702.0,25870.0,8,4,false,1
L201061,0.233,0.347,0,0,154368.0,24055.0,3,4,true,0
L201062,0.23,0.421,2,6,75581.0,4806.0,4,11,false,0
L201063,0.1,0.194,0,4,150824.0,34897.0,5,7,true,0
L201064,0.089,0.138,0,4,54983.0,2147.0,12,17,true,1
L201065,0.478,1.0,4,4,72701.0,29683.0,0,12,true,0
L201066,0.464,0.543,3,7,50139.0,38178.0,1,19,false,0
L201067,0.115,0.521,0,0,166686.0,3565.0,3,10,false,0
L201068,0.062,0.298,0,4,158579.0,8729.0,3,2,false,0
L201069,0.166,0.418,0,1,106138.0,24074.0,12,2,true,0
L201070,0.328,0.637,2,6,57089.0,18966.0,2,3,false,0
L201071,0.36,0.273,0,0,179606.0,14971.0,14,17,false,0
L201072,0.039,0.334,0,0,128519.0,19690.0,15,6,false,0
L201073,0.368,0.431,0,3,113543.0,15727.0,2,19,true,0
L201074,0.214,0.137,0,2,136599.0,14622.0,10,13,true,0
L201075,0.29,0.077,0,4,136130.0,26558.0,3,16,true,0
L201076,0.112,0.403,1,0,105615.0,33266.0,2,12,true,0
L201077,0.467,0.687,0,4,58522.0,11373.0,4,2,false,0
L201078,0.385,0.773,5,5,50338.0,35955.0,1,6,true,1
L201079,0.392,0.948,3,5,67335.0,10764.0,1,7,false,1
L201080,0.29,0.362,0,4,78053.0,24269.0,14,7,true,0
L201081,0.16,0.254,0,2,91553.0,4576.0,5,8,true,0
L201082,0.217,0.153,0,1,119146.0,32458.0,1,5,true,0
L201083,0.142,0.309,0,4,143972.0,12846.0,2,13,false,1
L201084,0.154,0.479,0,2,108573.0,31626.0,3,2,true,0
L201085,0.17,0.036,0,1,120500.0,30598.0,6,17,false,0
L201086,0.33,0.091,1,4,147263.0,26926.0,5,20,true,1
L201087,0.386,0.124,2,4,148287.0,49487.0,13,6,true,0
L201088,0.296,0.254,0,2,102405.0,20851.0,1,6,true,0
L201089,0.515,1.0,3,3,58315.0,12148.0,4,13,true,1
L201090,0.306,0.665,1,9,43347.0,2732.0,1,5,false,1
L201091,0.155,0.364,0,3,88561.0,10515.0,6,17,false,0
L201092,0.477,0.646,1,7,46229.0,29779.0,0,14,false,0
L201093,0.451,0.835,3,3,46005.0,33787.0,3,6,true,1
L201094,0.442,0.368,0,1,90008.0,27644.0,2,16,false,0
L201095,0.169,0.145,0,1,103416.0,33239.0,7,16,true,0
L201096,0.193,0.305,0,0,75164.0,5901.0,8,18,true,0
L201097,0.136,0.247,0,3,90150.0,16664.0,11,4,true,0
L201098,0.17,0.223,0,3,88174.0,24337.0,1,5,false,0
L201099,0.327,0.619,3,7,46054.0,1245.0,0,19,true,1
L201100,0.149,0.324,0,0,115546.0,21561.0,12,14,true,0
L201101,0.395,0.468,3,6,48762.0,29967.0,4,9,false,0
L201102,0.27,0.092,0,2,108430.0,23846.0,12,5,true,0
L201103,0.599,0.588,3,8,103677.0,23122.0,2,4,false,1
L201104,0.453,0.851,2,11,24811.0,16925.0,1,3,false,1
L201105,0.082,0.382,0,2,111208.0,18964.0,7,7,false,0
L201106,0.312,0.299,0,2,66010.0,23959.0,11,12,true,0
L201107,0.242,0.496,0,4,140814.0,4854.0,11,12,true,0
L201108,0.176,0.397,1,1,69782.0,23682.0,4,19,false,0
L201109,0.65,0.791,0,12,15959.0,21937.0,0,8,false,1
L201110,0.421,0.523,3,2,73305.0,32212.0,4,13,false,1
L201111,0.221,0.149,0,1,92846.0,29520.0,7,5,true,0
L201112,0.169,0.237,0,3,92653.0,15541.0,4,15,false,0
L201113,0.129,0.107,0,2,81542.0,18786.0,4,14,true,0
L201114,0.026,0.393,0,2,181214.0,19474.0,13,16,false,0
L201115,0.311,0.63,3,8,61637.0,21701.0,1,6,false,0
L201116,0.309,0.641,0,7,51623.0,14391.0,3,4,false,1
L201117,0.242,0.126,0,1,132189.0,13248.0,6,9,true,0
L201118,0.187,0.4,1,1,89654.0,12766.0,11,16,false,0
L201119,0.176,0.28,0,2,169613.0,1910.0,4,16,false,0
L201120,0.182,0.131,0,3,128920.0,15508.0,7,10,false,0
L201121,0.02,0.0,0,3,69880.0,21323.0,5,14,false,0
L201122,0.198,0.964,5,12,30545.0,26768.0,0,6,false,0
L201123,0.257,0.033,0,2,135996.0,25970.0,8,8,true,0
L201124,0.083,0.345,0,2,94156.0,34337.0,6,16,false,0
L201125,0.224,0.19,0,1,151068.0,8434.0,12,11,true,0
L201126,0.172,0.518,0,1,119059.0,1481.0,3,11,false,0
L201127,0.514,0.528,1,11,77080.0,19865.0,4,18,false,0
L201128,0.381,0.807,4,7,42648.0,17291.0,3,7,false,1
L201129,0.123,0.443,0,1,112696.0,26966.0,5,5,false,0
L201130,0.387,0.098,1,4,163211.0,7213.0,6,3,true,0
L201131,0.559,0.814,4,10,93267.0,5853.0,0,16,false,1
L201132,0.408,0.445,5,5,63882.0,37901.0,1,3,false,1
L201133,0.412,0.428,0,4,53685.0,18399.0,1,9,false,0
L201134,0.067,0.216,0,0,126258.0,24635.0,2,17,true,0
L201135,0.265,0.739,4,8,65628.0,14530.0,3,8,false,0
L201136,0.288,0.274,0,2,101077.0,19347.0,9,17,true,0
L201137,0.481,0.619,2,12,45662.0,15127.0,3,5,false,0
L201138,0.117,0.673,0,1,144403.0,37290.0,11,11,true,0
L201139,0.155,0.005,0,0,122788.0,10717.0,9,11,true,0
L201140,0.369,0.955,4,12,65922.0,24778.0,3,7,false,1
L201141,0.746,0.584,5,11,67548.0,3259.0,2,9,false,1
L201142,0.203,0.365,0,2,134301.0,9822.0,5,15,true,0
L201143,0.458,0.698,3,7,53981.0,13774.0,3,10,true,0
L201144,0.399,0.573,2,2,46108.0,38104.0,2,19,false,1
L201145,0.184,0.713,0,3,60689.0,29639.0,3,20,false,0
L201146,0.321,0.489,5,9,60051.0,54343.0,4,14,true,1
L201147,0.126,0.239,0,3,156407.0,33925.0,6,15,false,0
L201148,0.117,0.188,0,2,72287.0,10018.0,5,19,true,0
L201149,0.426,0.653,5,7,76430.0,15981.0,3,8,true,1
L201150,0.153,0.489,0,2,61868.0,2106.0,3,5,false,0
L201151,0.271,0.0,0,4,92057.0,30064.0,1,18,false,0
L201152,0.203,0.421,0,0,41626.0,6051.0,13,5,true,0
L201153,0.393,0.47,0,1,121655.0,3485.0,7,10,true,0
L201154,0.266,0.397,0,4,100037.0,31420.0,12,15,false,0
L201155,0.335,0.595,0,5,55484.0,25157.0,1,20,false,0
L201156,0.142,0.044,0,2,160712.0,7183.0,10,6,true,0
L201157,0.539,0.852,0,4,16639.0,11563.0,2,12,false,0
L201158,0.611,1.0,1,5,60593.0,16205.0,3,5,false,1
L201159,0.214,0.018,0,3,101272.0,22007.0,13,14,true,0
L201160,0.102,0.271,0,1,121673.0,12928.0,8,13,false,0
L201161,0.634,0.69,2,9,59709.0,24845.0,3,2,true,0
L201162,0.273,0.163,1,0,64146.0,28362.0,5,9,false,1
L201163,0.142,0.395,1,2,112285.0,8394.0,1,6,false,0
L201164,0.354,0.708,3,2,90048.0,27104.0,2,13,false,0
L201165,0.27,0.452,0,1,72816.0,39478.0,13,7,true,0
L201166,0.099,0.5,0,0,126961.0,8463.0,15,17,true,0
L201167,0.304,0.325,0,4,128102.0,23826.0,6,9,true,0
L201168,0.081,0.798,4,9,76255.0,31199.0,0,11,false,0
L201169,0.354,0.921,4,12,55690.0,5626.0,4,8,true,1
L201170,0.303,0.463,0,3,112088.0,35240.0,4,9,true,0
L201171,0.387,0.526,4,10,17057.0,15229.0,2,6,true,1
L201172,0.4,0.37,5,8,38368.0,3274.0,1,2,true,1
L201173,0.262,0.4,0,3,133921.0,12966.0,14,20,true,0
L201174,0.212,0.452,0,4,146769.0,13991.0,15,7,true,0
L201175,0.093,0.209,0,2,123081.0,9661.0,13,13,true,0
L201176,0.423,0.523,1,0,95541.0,15867.0,14,13,true,0
L201177,0.377,0.44,0,3,149383.0,5609.0,9,8,true,0
L201178,0.267,0.531,0,1,84678.0,13320.0,1,19,true,0
L201179,0.134,0.25,0,1,79089.0,1194.0,4,6,true,0
L201180,0.228,0.328,2,3,101181.0,43712.0,7,17,true,0
L201181,0.288,0.28,0,2,134335.0,37863.0,10,4,true,0
L201182,0.51,0.445,1,8,65868.0,2152.0,3,20,true,0
L201183,0.514,0.687,3,3,56406.0,3246.0,1,8,false,0
L201184,0.265,0.285,0,0,126864.0,2940.0,4,16,true,0
L201185,0.187,0.297,2,2,176374.0,3704.0,1,14,false,0
L201186,0.171,0.324,0,3,122213.0,10452.0,2,4,false,0
L201187,0.102,0.525,0,3,80792.0,27084.0,14,10,false,0
L201188,0.169,0.17,0,2,134254.0,18470.0,2,17,true,0
L201189,0.199,0.215,0,3,64384.0,10490.0,7,18,false,0
L201190,0.598,0.935,5,3,51998.0,16255.0,1,13,false,1
L201191,0.277,0.046,0,3,146021.0,6459.0,9,3,false,0
L201192,0.243,0.046,0,4,140037.0,34355.0,6,5,true,0
L201193,0.177,0.822,2,12,32966.0,45864.0,1,10,false,1
L201194,0.29,0.273,0,1,61402.0,10398.0,11,12,false,0
L201195,0.27,0.446,0,2,81916.0,5847.0,14,9,true,0
L201196,0.297,0.368,0,1,121887.0,10942.0,14,17,true,0
L201197,0.227,0.0,0,0,131192.0,28617.0,9,19,true,0
L201198,0.385,0.672,0,3,50473.0,8857.0,3,10,true,0
L201199,0.28,0.397,1,2,56650.0,3852.0,6,9,true,1
L201200,0.184,0.169,0,1,121669.0,27582.0,11,8,true,0
